ProductID,ProductName,ProductDescription,ProductGroupID,Price,StockQuantity,Manufacturer,SupplierID,WarrantyPeriod,SKU,Dimensions,Weight,Color,ReleaseDate,CreatedAt,UpdatedAt
1,"Smartphone X","High-performance smartphone with AI camera and edge-to-edge display.",1,799,5000,"TechCo","1",12,"SKU001","6x3x0.3 inches",0.3,"Black","2023-01-15","2024-06-22 06:00:00","2024-06-22 06:00:00"
2,"Laptop Y","Thin and lightweight laptop with SSD storage and long battery life.",2,1299,2000,"TechCo","1",24,"SKU002","14x10x0.6 inches",2.0,"Silver","2023-02-20","2024-06-22 06:15:00","2024-06-22 06:15:00"
3,"Smartwatch Z","Fitness-oriented smartwatch with heart rate monitoring and GPS.",3,199,10000,"Wearables Inc.","2",12,"SKU003","2x2x0.4 inches",0.1,"Black","2023-03-25","2024-06-22 06:30:00","2024-06-22 06:30:00"
4,"Tablet A","10-inch tablet with quad-core processor and Full HD display.",4,399,3000,"TechCo","1",12,"SKU004","10x7x0.3 inches",1.0,"White","2023-04-30","2024-06-22 06:45:00","2024-06-22 06:45:00"
5,"Bluetooth Speaker B","Portable Bluetooth speaker with 20W output and waterproof design.",5,79,8000,"AudioTech","4",12,"SKU005","8x4x4 inches",1.5,"Black","2023-05-15","2024-06-22 07:00:00","2024-06-22 07:00:00"
6,"Smart Thermostat C","WiFi-enabled smart thermostat with energy-saving features.",6,149,1500,"ClimateTech","18",24,"SKU006","4x4x1 inches",0.5,"Silver","2023-06-20","2024-06-22 07:15:00","2024-06-22 07:15:00"
7,"Robotic Vacuum Cleaner D","Robotic vacuum cleaner with mapping technology and self-charging.",7,299,500,"RoboTech","19",24,"SKU007","14x14x4 inches",3.5,"Black","2023-07-25","2024-06-22 07:30:00","2024-06-22 07:30:00"
8,"Digital Camera E","Mirrorless digital camera with 24MP sensor and 4K video recording.",8,899,1000,"PhotoTech","5",24,"SKU008","5x4x3 inches",1.0,"Black","2023-08-30","2024-06-22 07:45:00","2024-06-22 07:45:00"
9,"Electric Scooter F","Foldable electric scooter with a top speed of 15 mph and 15-mile range.",9,399,300,"EcoRide","20",12,"SKU009","40x18x6 inches",12.0,"Black","2023-09-15","2024-06-22 08:00:00","2024-06-22 08:00:00"
10,"Smart Home Hub G","Centralized smart home hub for controlling devices and managing routines.",10,129,2000,"ConnectTech","9",12,"SKU010","4x4x1 inches",0.2,"White","2023-10-20","2024-06-22 08:15:00","2024-06-22 08:15:00"
11,"Fitness Tracker H","Fitness tracker with continuous heart rate monitoring and waterproof design.",11,79,5000,"Wearables Inc.","2",12,"SKU011","2x0.5x0.4 inches",0.05,"Black","2023-11-25","2024-06-22 08:30:00","2024-06-22 08:30:00"
12,"Smart Scale I","Smart scale with body composition analysis and smartphone integration.",12,49,8000,"HealthTech","12",12,"SKU012","12x12x1 inches",2.0,"White","2023-12-30","2024-06-22 08:45:00","2024-06-22 08:45:00"
13,"Bluetooth Earphones J","Wireless Bluetooth earphones with noise cancellation and 10-hour battery life.",13,99,5000,"AudioTech","4",12,"SKU013","1x1x1 inches",0.05,"Black","2024-01-15","2024-06-22 09:00:00","2024-06-22 09:00:00"
14,"Smart Doorbell K","Video doorbell with motion detection and two-way audio communication.",14,129,1500,"HomeTech","30",24,"SKU014","5x2x1 inches",0.3,"Silver","2024-02-20","2024-06-22 09:15:00","2024-06-22 09:15:00"
15,"Wireless Charger L","Qi-compatible wireless charger with fast charging support.",15,29,10000,"ConnectTech","9",12,"SKU015","4x4x0.5 inches",0.1,"Black","2024-03-25","2024-06-22 09:30:00","2024-06-22 09:30:00"
16,"Smart Door Lock M","Smart door lock with keypad and app control for keyless entry.",16,149,300,"SecureTech","16",24,"SKU016","5x3x1 inches",0.3,"Silver","2024-04-30","2024-06-22 09:45:00","2024-06-22 09:45:00"
17,"Robot Vacuum N","Robotic vacuum cleaner with advanced mapping and Alexa compatibility.",17,249,1000,"RoboTech","19",24,"SKU017","14x14x4 inches",3.5,"White","2024-05-15","2024-06-22 10:00:00","2024-06-22 10:00:00"
18,"Smart LED Bulbs O","WiFi-enabled smart LED bulbs with adjustable brightness and color.",18,19,8000,"LightTech","39",12,"SKU018","2x2x4 inches",0.2,"RGB","2024-06-20","2024-06-22 10:15:00","2024-06-22 10:15:00"
19,"Gaming Mouse P","High-precision gaming mouse with customizable DPI settings.",19,59,5000,"GamingGear","3",12,"SKU019","5x3x2 inches",0.2,"Black","2024-07-25","2024-06-22 10:30:00","2024-06-22 10:30:00"
20,"Smart Mirror Q","Interactive smart mirror with touchscreen and built-in apps.",20,399,500,"HomeTech","30",12,"SKU020","36x24x2 inches",8.0,"Black","2024-08-30","2024-06-22 10:45:00","2024-06-22 10:45:00"
21,"Smart Wi-Fi Plug R","WiFi-enabled smart plug with energy monitoring and app control.",21,29,2000,"ConnectTech","9",12,"SKU021","3x2x2 inches",0.1,"White","2024-09-15","2024-06-22 11:00:00","2024-06-22 11:00:00"
22,"Smart Refrigerator S","Smart refrigerator with touchscreen and voice assistant integration.",22,1999,100,"HomeTech","30",36,"SKU022","36x36x72 inches",300.0,"Stainless Steel","2024-10-20","2024-06-22 11:15:00","2024-06-22 11:15:00"
23,"Robot Lawn Mower T","Autonomous robot lawn mower with GPS navigation and rain sensor.",23,899,300,"GardenTech","29",36,"SKU023","24x20x10 inches",20.0,"Green","2024-11-25","2024-06-22 11:30:00","2024-06-22 11:30:00"
24,"Smart Ceiling Fan U","Ceiling fan with smart controls and LED lighting.",24,299,800,"ClimateTech","18",24,"SKU024","52x52x12 inches",15.0,"White","2024-12-30","2024-06-22 11:45:00","2024-06-22 11:45:00"
25,"Smart Video Doorbell V","Video doorbell with HD camera and motion detection alerts.",25,129,1500,"HomeTech","30",24,"SKU025","6x3x1 inches",0.3,"Black","2025-01-15","2024-06-22 12:00:00","2024-06-22 12:00:00"
26,"Fitness Tracker W","Fitness tracker with heart rate monitor and activity tracking.",26,79,5000,"Wearables Inc.","2",12,"SKU026","2x0.5x0.3 inches",0.05,"Black","2025-02-20","2024-06-22 12:15:00","2024-06-22 12:15:00"
27,"Smart LED Strip Lights X","WiFi-enabled LED strip lights with color changing capabilities.",27,39,3000,"LightTech","39",12,"SKU027","16x0.5x0.1 inches",0.2,"RGB","2025-03-25","2024-06-22 12:30:00","2024-06-22 12:30:00"
28,"Robot Vacuum Cleaner Y","Smart robot vacuum cleaner with app control and scheduling.",28,349,500,"RoboTech","19",24,"SKU028","14x14x4 inches",3.5,"Black","2025-04-30","2024-06-22 12:45:00","2024-06-22 12:45:00"
29,"Smart Kitchen Scale Z","Digital kitchen scale with nutritional analysis and app connectivity.",29,49,1500,"KitchenTech","37",12,"SKU029","10x8x1 inches",1.0,"Silver","2025-05-15","2024-06-22 13:00:00","2024-06-22 13:00:00"
30,"Smart Home Security Camera AA","Indoor security camera with motion detection and night vision.",30,79,1000,"SecureTech","16",24,"SKU030","4x3x3 inches",0.4,"White","2025-06-20","2024-06-22 13:15:00","2024-06-22 13:15:00"
31,"Smart Outdoor Camera AB","Weatherproof outdoor camera with 1080p resolution and two-way audio.",31,99,800,"SecureTech","16",24,"SKU031","5x3x3 inches",0.5,"Black","2025-07-25","2024-06-22 13:30:00","2024-06-22 13:30:00"
32,"Smart Air Purifier AC","HEPA air purifier with WiFi connectivity and air quality sensor.",32,199,500,"ClimateTech","18",24,"SKU032","10x10x20 inches",8.0,"White","2025-08-30","2024-06-22 13:45:00","2024-06-22 13:45:00"
33,"Smart Thermostat AD","Programmable smart thermostat with remote control and energy reports.",33,129,1000,"ClimateTech","18",24,"SKU033","4x4x1 inches",0.5,"Silver","2025-09-15","2024-06-22 14:00:00","2024-06-22 14:00:00"
34,"Bluetooth Headphones AE","Wireless Bluetooth headphones with active noise cancellation.",34,149,2000,"AudioTech","4",12,"SKU034","8x6x3 inches",0.5,"Black","2025-10-20","2024-06-22 14:15:00","2024-06-22 14:15:00"
35,"Smart Pet Feeder AF","Automatic pet feeder with portion control and camera for remote monitoring.",35,79,1000,"PetTech","34",24,"SKU035","10x6x6 inches",1.0,"White","2025-11-25","2024-06-22 14:30:00","2024-06-22 14:30:00"
36,"Smart Mirror AG","Interactive smart mirror with built-in Alexa and fitness tracking features.",36,349,300,"HomeTech","30",24,"SKU036","30x20x2 inches",10.0,"Black","2025-12-30","2024-06-22 14:45:00","2024-06-22 14:45:00"
37,"Smart Light Bulbs AH","Smart LED light bulbs with adjustable brightness and voice control.",37,19,5000,"LightTech","39",12,"SKU037","2x2x4 inches",0.2,"RGB","2026-01-15","2024-06-22 15:00:00","2024-06-22 15:00:00"
38,"Smart Security Camera AI","Wireless security camera with 2K resolution and built-in spotlight.",38,199,800,"SecureTech","16",24,"SKU038","6x3x3 inches",0.3,"White","2026-02-20","2024-06-22 15:15:00","2024-06-22 15:15:00"
39,"Electric Scooter AJ","Foldable electric scooter with 250W motor and 15-mile range.",39,299,300,"EcoRide","20",12,"SKU039","42x18x6 inches",12.0,"Black","2026-03-25","2024-06-22 15:30:00","2024-06-22 15:30:00"
40,"Smart Coffee Maker AK","WiFi-enabled coffee maker with programmable brew settings.",40,89,1000,"KitchenTech","37",12,"SKU040","12x8x10 inches",5.0,"Black","2026-04-30","2024-06-22 15:45:00","2024-06-22 15:45:00"
41,"Smart Speaker AL","Voice-controlled smart speaker with built-in virtual assistant.",41,99,2000,"AudioTech","4",12,"SKU041","5x4x4 inches",1.0,"Black","2026-05-15","2024-06-22 16:00:00","2024-06-22 16:00:00"
42,"Smart Garden System AM","Automated garden watering system with app control and weather data integration.",42,149,500,"GardenTech","29",24,"SKU042","12x8x6 inches",2.0,"Green","2026-06-20","2024-06-22 16:15:00","2024-06-22 16:15:00"
43,"Smart Lock AN","Keyless smart door lock with fingerprint recognition and mobile app access.",43,199,300,"SecureTech","16",24,"SKU043","6x3x1 inches",0.5,"Silver","2026-07-25","2024-06-22 16:30:00","2024-06-22 16:30:00"
44,"Fitness Smartwatch AO","Smartwatch with fitness tracking features and heart rate monitoring.",44,149,1500,"Wearables Inc.","2",12,"SKU044","2x2x0.5 inches",0.1,"Black","2026-08-30","2024-06-22 16:45:00","2024-06-22 16:45:00"
45,"Smart Doorbell AP","Video doorbell with motion detection and two-way audio communication.",14,129,1000,"HomeTech","30",24,"SKU045","5x3x1 inches",0.3,"Silver","2026-09-15","2024-06-22 17:00:00","2024-06-22 17:00:00"
46,"Robot Vacuum Cleaner AQ","Robot vacuum cleaner with mapping technology and self-charging.",7,299,500,"RoboTech","19",24,"SKU046","14x14x4 inches",3.5,"Black","2026-10-20","2024-06-22 17:15:00","2024-06-22 17:15:00"
47,"Smart Thermostat AR","WiFi-enabled smart thermostat with energy-saving features.",6,149,800,"ClimateTech","18",24,"SKU047","4x4x1 inches",0.5,"Silver","2026-11-25","2024-06-22 17:30:00","2024-06-22 17:30:00"
48,"Wireless Earbuds AS","True wireless earbuds with noise cancellation and IPX7 waterproof rating.",13,129,2000,"AudioTech","4",12,"SKU048","1x1x1 inches",0.05,"Black","2026-12-30","2024-06-22 17:45:00","2024-06-22 17:45:00"
49,"Smart Mirror AT","Interactive smart mirror with touchscreen display and voice assistant.",20,399,300,"HomeTech","30",24,"SKU049","36x24x2 inches",8.0,"Black","2027-01-15","2024-06-22 18:00:00","2024-06-22 18:00:00"
50,"Smart Scale AU","Digital smart scale with body composition analysis and Bluetooth connectivity.",12,49,8000,"HealthTech","12",12,"SKU050","12x12x1 inches",2.0,"White","2027-02-20","2024-06-22 18:15:00","2024-06-22 18:15:00"
51,"Smart Plug AV","WiFi-enabled smart plug with energy monitoring and voice control.",21,29,5000,"ConnectTech","9",12,"SKU051","3x2x2 inches",0.1,"White","2027-03-25","2024-06-22 18:30:00","2024-06-22 18:30:00"
52,"Smart Indoor Camera AW","Indoor security camera with HD video quality and night vision.",30,79,1500,"SecureTech","16",24,"SKU052","4x3x3 inches",0.4,"Black","2027-04-30","2024-06-22 18:45:00","2024-06-22 18:45:00"
53,"Smart Outdoor Camera AX","Outdoor security camera with weatherproof design and motion detection.",31,99,1000,"SecureTech","16",24,"SKU053","5x3x3 inches",0.5,"White","2027-05-15","2024-06-22 19:00:00","2024-06-22 19:00:00"
54,"Smart Coffee Machine AY","Programmable coffee machine with brew strength options and auto shut-off.",40,99,800,"KitchenTech","37",12,"SKU054","12x8x10 inches",5.0,"Black","2027-06-20","2024-06-22 19:15:00","2024-06-22 19:15:00"
55,"Smart Garage Door Opener AZ","WiFi-enabled garage door opener with remote access and alerts.",43,149,500,"SecureTech","16",24,"SKU055","6x3x1 inches",0.5,"Silver","2027-07-25","2024-06-22 19:30:00","2024-06-22 19:30:00"
56,"Bluetooth Speaker BA","Portable Bluetooth speaker with 20W output and built-in microphone.",5,79,10000,"AudioTech","4",12,"SKU056","8x4x4 inches",1.5,"Black","2027-08-30","2024-06-22 19:45:00","2024-06-22 19:45:00"
57,"Smart Ceiling Light BB","WiFi-enabled smart ceiling light with adjustable brightness and color.",37,29,8000,"LightTech","39",12,"SKU057","2x2x4 inches",0.2,"RGB","2027-09-15","2024-06-22 20:00:00","2024-06-22 20:00:00"
58,"Smart Pet Tracker BC","GPS pet tracker with real-time location tracking and activity monitoring.",45,59,2000,"PetTech","34",12,"SKU058","3x2x0.5 inches",0.1,"Black","2027-10-20","2024-06-22 20:15:00","2024-06-22 20:15:00"
59,"Smart Desk BD","Height-adjustable smart desk with built-in USB ports and memory presets.",46,299,500,"OfficeTech","38",24,"SKU059","48x30x24 inches",50.0,"White","2027-11-25","2024-06-22 20:30:00","2024-06-22 20:30:00"
60,"Smart Alarm Clock BE","Digital alarm clock with voice control and sunrise simulation.",47,49,3000,"HomeTech","30",12,"SKU060","6x4x2 inches",0.5,"Black","2027-12-30","2024-06-22 20:45:00","2024-06-22 20:45:00"
61,"Smart Backpack BF","Tech-enabled backpack with USB charging port and water-resistant fabric.",48,59,2000,"GearTech","22",12,"SKU061","18x12x6 inches",1.5,"Gray","2028-01-15","2024-06-22 21:00:00","2024-06-22 21:00:00"
62,"Smart Oven BG","WiFi-connected oven with touchscreen control and recipe suggestions.",49,499,500,"KitchenTech","37",24,"SKU062","24x20x18 inches",40.0,"Stainless Steel","2028-02-20","2024-06-22 21:15:00","2024-06-22 21:15:00"
63,"Smart Picture Frame BH","Digital picture frame with motion sensor and cloud photo storage.",50,89,1000,"HomeTech","30",12,"SKU063","10x8x1 inches",0.5,"Black","2028-03-25","2024-06-22 21:30:00","2024-06-22 21:30:00"
64,"Smart Plant Pot BI","Automated plant pot with water level monitoring and plant health insights.",51,39,3000,"GardenTech","29",12,"SKU064","8x8x8 inches",1.0,"White","2028-04-30","2024-06-22 21:45:00","2024-06-22 21:45:00"
65,"Smart Glasses BJ","AR smart glasses with voice commands and real-time translation.",52,299,300,"Wearables Inc.","2",12,"SKU065","6x2x2 inches",0.1,"Black","2028-05-15","2024-06-22 22:00:00","2024-06-22 22:00:00"
66,"Smart Bike Lock BK","Bluetooth-enabled bike lock with theft alert notifications.",53,79,1000,"TravelTech","40",12,"SKU066","6x3x1 inches",0.3,"Black","2028-06-20","2024-06-22 22:15:00","2024-06-22 22:15:00"
67,"Smart Water Bottle BL","Hydration-tracking water bottle with reminder notifications.",54,29,5000,"HealthTech","12",12,"SKU067","10x3x3 inches",0.2,"Blue","2028-07-25","2024-06-22 22:30:00","2024-06-22 22:30:00"
68,"Smart Desk Lamp BM","LED desk lamp with adjustable brightness and color temperature.",37,39,3000,"LightTech","39",12,"SKU068","5x5x15 inches",1.0,"White","2028-08-30","2024-06-22 22:45:00","2024-06-22 22:45:00"
69,"Smart Notebook BN","Reusable digital notebook with cloud synchronization and pen holder.",55,19,8000,"OfficeTech","38",12,"SKU069","8x5x0.5 inches",0.3,"Black","2028-09-15","2024-06-22 23:00:00","2024-06-22 23:00:00"
70,"Smart Home Theater System BO","Wireless home theater system with surround sound and subwoofer.",56,499,500,"AudioTech","4",24,"SKU070","16x8x8 inches",10.0,"Black","2028-10-20","2024-06-22 23:15:00","2024-06-22 23:15:00"
71,"Smart Umbrella BP","Weather-resistant umbrella with UV protection and built-in weather forecast.",57,39,2000,"OutdoorTech","58",12,"SKU071","40x40x24 inches",1.5,"Black","2028-11-25","2024-06-22 23:30:00","2024-06-22 23:30:00"
72,"Smart Pillow BQ","Memory foam pillow with sleep tracking sensors and adjustable loft.",58,79,1000,"HealthTech","12",12,"SKU072","20x14x6 inches",2.0,"White","2028-12-30","2024-06-22 23:45:00","2024-06-22 23:45:00"
73,"Smart Vacuum Flask BR","Insulated vacuum flask with temperature display and app control.",59,29,3000,"KitchenTech","37",12,"SKU073","10x3x3 inches",0.5,"Silver","2029-01-15","2024-06-23 00:00:00","2024-06-23 00:00:00"
74,"Smart Backpack BS","Convertible backpack with solar charging panel and anti-theft design.",48,79,800,"GearTech","22",12,"SKU074","20x14x8 inches",2.5,"Black","2029-02-20","2024-06-23 00:15:00","2024-06-23 00:15:00"
75,"Smart Plant Monitor BT","Bluetooth-enabled plant monitor with soil moisture and light intensity sensors.",51,49,2000,"GardenTech","29",12,"SKU075","6x6x4 inches",0.3,"Green","2029-03-25","2024-06-23 00:30:00","2024-06-23 00:30:00"
76,"Smart Desk Chair BU","Ergonomic desk chair with lumbar support and adjustable armrests.",60,199,500,"OfficeTech","38",24,"SKU076","24x24x40 inches",20.0,"Black","2029-04-30","2024-06-23 00:45:00","2024-06-23 00:45:00"
77,"Smart Plant Pot BV","Self-watering plant pot with Bluetooth connectivity and LED grow light.",51,39,1500,"GardenTech","29",12,"SKU077","8x8x8 inches",1.0,"White","2029-05-15","2024-06-23 01:00:00","2024-06-23 01:00:00"
78,"Smart Wine Opener BW","Electric wine opener with foil cutter and rechargeable battery.",61,39,1000,"KitchenTech","37",12,"SKU078","10x2x2 inches",0.5,"Silver","2029-06-20","2024-06-23 01:15:00","2024-06-23 01:15:00"
79,"Smart Luggage BX","GPS-enabled smart luggage with built-in digital scale and USB charging ports.",62,149,500,"TravelTech","40",24,"SKU079","26x18x10 inches",8.0,"Black","2029-07-25","2024-06-23 01:30:00","2024-06-23 01:30:00"
80,"Smart Toothbrush BY","Electric toothbrush with Bluetooth connectivity and brushing analytics.",63,69,2000,"HealthTech","12",12,"SKU080","10x1x1 inches",0.2,"White","2029-08-30","2024-06-23 01:45:00","2024-06-23 01:45:00"
81,"Smart Sunglasses BZ","Smart sunglasses with UV protection and audio playback capability.",52,199,1000,"Wearables Inc.","2",12,"SKU081","6x2x2 inches",0.1,"Black","2029-09-15","2024-06-23 02:00:00","2024-06-23 02:00:00"
82,"Smart Backpack CA","Solar-powered backpack with USB charging port and weather-resistant material.",48,69,1500,"GearTech","22",12,"SKU082","18x12x6 inches",1.5,"Gray","2029-10-20","2024-06-23 02:15:00","2024-06-23 02:15:00"
83,"Smart Coffee Maker CB","WiFi-connected coffee maker with programmable brew settings and thermal carafe.",40,89,800,"KitchenTech","37",24,"SKU083","10x8x12 inches",5.0,"Stainless Steel","2029-11-25","2024-06-23 02:30:00","2024-06-23 02:30:00"
84,"Smart Thermostat CC","Smart thermostat with remote temperature sensing and energy usage analytics.",6,129,1000,"ClimateTech","18",24,"SKU084","4x4x1 inches",0.5,"Silver","2029-12-30","2024-06-23 02:45:00","2024-06-23 02:45:00"
85,"Smart Pet Feeder CD","Automatic pet feeder with portion control and camera for remote monitoring.",45,99,500,"PetTech","34",12,"SKU085","12x8x8 inches",3.0,"White","2030-01-15","2024-06-23 03:00:00","2024-06-23 03:00:00"
86,"Smart Garden Bed CE","Raised garden bed with automatic watering system and soil health sensors.",42,199,300,"GardenTech","29",24,"SKU086","48x24x12 inches",15.0,"Brown","2030-02-20","2024-06-23 03:15:00","2024-06-23 03:15:00"
87,"Smart Mirror CF","Interactive smart mirror with touchscreen display and voice assistant.",20,399,500,"HomeTech","30",24,"SKU087","36x24x2 inches",8.0,"Black","2030-03-25","2024-06-23 03:30:00","2024-06-23 03:30:00"
88,"Smart Router CG","Mesh WiFi router system with parental controls and advanced security features.",19,149,1000,"ConnectTech","9",24,"SKU088","8x8x2 inches",0.5,"Black","2030-04-30","2024-06-23 03:45:00","2024-06-23 03:45:00"
89,"Smart Doorbell CH","Video doorbell with motion detection and two-way audio communication.",14,129,2000,"HomeTech","30",12,"SKU089","5x3x1 inches",0.3,"Silver","2030-05-15","2024-06-23 04:00:00","2024-06-23 04:00:00"
90,"Smart Scale CI","Bluetooth smart scale with body composition analysis and health tracking.",12,49,5000,"HealthTech","12",12,"SKU090","12x12x1 inches",2.0,"White","2030-06-20","2024-06-23 04:15:00","2024-06-23 04:15:00"
91,"Smart Lock CJ","Keyless entry smart lock with fingerprint recognition and mobile app control.",43,179,800,"SecureTech","16",24,"SKU091","6x3x1 inches",0.5,"Black","2030-07-25","2024-06-23 04:30:00","2024-06-23 04:30:00"
92,"Smart Table Lamp CK","Dimmable LED table lamp with touch control and adjustable brightness.",37,29,3000,"LightTech","39",12,"SKU092","6x6x12 inches",1.0,"White","2030-08-30","2024-06-23 04:45:00","2024-06-23 04:45:00"
93,"Smart Air Purifier CL","HEPA air purifier with WiFi connectivity and air quality monitoring.",15,199,1000,"HomeTech","30",24,"SKU093","10x10x18 inches",5.0,"White","2030-09-15","2024-06-23 05:00:00","2024-06-23 05:00:00"
94,"Smart Plant Sensor CM","Wireless plant sensor with moisture and light intensity monitoring.",51,19,5000,"GardenTech","29",12,"SKU094","4x2x1 inches",0.1,"Green","2030-10-20","2024-06-23 05:15:00","2024-06-23 05:15:00"
95,"Smart Car Charger CN","Dual USB car charger with Bluetooth connectivity and vehicle battery monitor.",64,29,5000,"AutoTech","42",12,"SKU095","3x1x1 inches",0.1,"Black","2030-11-25","2024-06-23 05:30:00","2024-06-23 05:30:00"
96,"Smart Picture Frame CO","Digital photo frame with WiFi and app for easy photo sharing.",50,69,1500,"HomeTech","30",12,"SKU096","12x10x1 inches",1.0,"Black","2030-12-30","2024-06-23 05:45:00","2024-06-23 05:45:00"
97,"Smart Watering Can CP","Automated watering can with app control and water consumption analytics.",65,39,3000,"GardenTech","29",12,"SKU097","8x4x8 inches",0.5,"Green","2031-01-15","2024-06-23 06:00:00","2024-06-23 06:00:00"
98,"Smart LED Strip CQ","WiFi-enabled LED light strip with color-changing capabilities and voice control.",66,49,2000,"LightTech","39",12,"SKU098","120x1x0.2 inches",0.3,"RGB","2031-02-20","2024-06-23 06:15:00","2024-06-23 06:15:00"
99,"Smart Security Camera CR","Indoor security camera with 1080p HD resolution and night vision.",30,79,1000,"SecureTech","16",24,"SKU099","5x3x3 inches",0.4,"White","2031-03-25","2024-06-23 06:30:00","2024-06-23 06:30:00"
100,"Smart Speaker CS","Voice-controlled smart speaker with built-in virtual assistant.",41,99,2000,"AudioTech","4",12,"SKU100","5x4x4 inches",1.0,"Black","2031-04-30","2024-06-23 06:45:00","2024-06-23 06:45:00"
101,"Smart Watch CT","Fitness smartwatch with heart rate monitor and GPS tracking.",67,149,1000,"Wearables Inc.","2",12,"SKU101","2x2x0.5 inches",0.1,"Black","2031-05-15","2024-06-23 07:00:00","2024-06-23 07:00:00"
102,"Smart Backpack CU","Compact backpack with RFID blocking and laptop compartment.",48,59,1500,"GearTech","22",12,"SKU102","16x10x5 inches",1.2,"Black","2031-06-20","2024-06-23 07:15:00","2024-06-23 07:15:00"
103,"Smart Coffee Mug CV","Temperature-controlled coffee mug with LCD display and app control.",68,39,2000,"KitchenTech","37",12,"SKU103","4x4x6 inches",0.3,"Silver","2031-07-25","2024-06-23 07:30:00","2024-06-23 07:30:00"
104,"Smart Notebook CW","Reusable smart notebook with cloud sync and erasable pages.",55,19,5000,"OfficeTech","38",12,"SKU104","8x5x0.5 inches",0.3,"Black","2031-08-30","2024-06-23 07:45:00","2024-06-23 07:45:00"
105,"Smart Pet Tracker CX","GPS pet tracker with activity monitoring and waterproof design.",69,49,1000,"PetTech","34",12,"SKU105","2x1x0.5 inches",0.1,"Blue","2031-09-15","2024-06-23 08:00:00","2024-06-23 08:00:00"
106,"Smart Speaker CY","WiFi-enabled smart speaker with voice assistant and multi-room audio.",41,79,1500,"AudioTech","4",12,"SKU106","6x4x4 inches",1.5,"White","2031-10-20","2024-06-23 08:15:00","2024-06-23 08:15:00"
107,"Smart Light Bulb CZ","Color-changing smart light bulb with dimming and scheduling features.",70,29,3000,"LightTech","39",12,"SKU107","4x2x2 inches",0.2,"RGB","2031-11-25","2024-06-23 08:30:00","2024-06-23 08:30:00"
108,"Smart Thermostat DA","WiFi thermostat with energy savings mode and smart scheduling.",6,99,800,"ClimateTech","18",12,"SKU108","4x4x1 inches",0.5,"White","2031-12-30","2024-06-23 08:45:00","2024-06-23 08:45:00"
109,"Smart Backpack DB","Urban backpack with anti-theft features and USB charging port.",48,49,2000,"GearTech","22",12,"SKU109","14x10x4 inches",1.0,"Gray","2032-01-15","2024-06-23 09:00:00","2024-06-23 09:00:00"
110,"Smart Camera DC","Wireless security camera with 360-degree coverage and motion detection.",30,129,500,"SecureTech","16",24,"SKU110","5x3x3 inches",0.4,"Black","2032-02-20","2024-06-23 09:15:00","2024-06-23 09:15:00"
111,"Smart Water Bottle DD","Insulated water bottle with temperature display and hydration reminders.",54,19,3000,"HealthTech","12",12,"SKU111","10x3x3 inches",0.3,"Blue","2032-03-25","2024-06-23 09:30:00","2024-06-23 09:30:00"
112,"Smart Mirror DE","Voice-controlled smart mirror with fitness tracking and weather updates.",20,299,500,"HomeTech","30",24,"SKU112","36x24x2 inches",8.0,"White","2032-04-30","2024-06-23 09:45:00","2024-06-23 09:45:00"
113,"Smart Coffee Grinder DF","WiFi coffee grinder with preset grind levels and bean weight sensor.",40,79,1000,"KitchenTech","37",12,"SKU113","6x6x12 inches",2.0,"Black","2032-05-15","2024-06-23 10:00:00","2024-06-23 10:00:00"
114,"Smart Plant Pot DG","Self-watering plant pot with Bluetooth connectivity and LED grow light.",51,39,1500,"GardenTech","29",12,"SKU114","8x8x8 inches",1.0,"White","2032-06-20","2024-06-23 10:15:00","2024-06-23 10:15:00"
115,"Smart Door Lock DH","Keyless entry smart door lock with fingerprint recognition and keypad.",43,179,500,"SecureTech","16",24,"SKU115","6x3x1 inches",0.5,"Black","2032-07-25","2024-06-23 10:30:00","2024-06-23 10:30:00"
116,"Smart Car Charger DI","Fast-charging USB car charger with voltage monitoring and overheat protection.",64,29,2000,"AutoTech","42",12,"SKU116","3x1x1 inches",0.1,"Black","2032-08-30","2024-06-23 10:45:00","2024-06-23 10:45:00"
117,"Smart Umbrella DJ","Compact umbrella with weather alerts and wind-resistant design.",57,19,3000,"OutdoorTech","58",12,"SKU117","40x40x24 inches",1.0,"Black","2032-09-15","2024-06-23 11:00:00","2024-06-23 11:00:00"
118,"Smart Toothbrush DK","Electric toothbrush with AI brushing analysis and gum health tracking.",63,49,1000,"HealthTech","12",12,"SKU118","10x1x1 inches",0.2,"White","2032-10-20","2024-06-23 11:15:00","2024-06-23 11:15:00"
119,"Smart Desk DL","Height-adjustable smart desk with built-in wireless charging pad.",60,299,500,"OfficeTech","38",24,"SKU119","60x30x30 inches",30.0,"Black","2032-11-25","2024-06-23 11:30:00","2024-06-23 11:30:00"
120,"Smart Plant Monitor DM","Smart plant monitor with soil moisture sensor and plant health notifications.",51,29,2000,"GardenTech","29",12,"SKU120","6x6x4 inches",0.3,"Green","2032-12-30","2024-06-23 11:45:00","2024-06-23 11:45:00"
121,"Smart Water Filter DN","Smart water filter pitcher with filter life indicator and BPA-free materials.",23,39,1000,"KitchenTech","37",12,"SKU121","10x6x10 inches",1.0,"Blue","2033-01-15","2024-06-23 12:00:00","2024-06-23 12:00:00"
122,"Smart Bike Light DO","Rechargeable bike light with brightness adjustment and strobe mode.",61,19,2000,"OutdoorTech","58",12,"SKU122","4x2x1 inches",0.2,"Red","2033-02-20","2024-06-23 12:15:00","2024-06-23 12:15:00"
123,"Smart Pet Feeder DP","Automatic pet feeder with portion control and WiFi connectivity.",45,79,500,"PetTech","34",12,"SKU123","12x8x8 inches",3.0,"White","2033-03-25","2024-06-23 12:30:00","2024-06-23 12:30:00"
124,"Smart Air Conditioner DQ","WiFi-enabled air conditioner with remote control and energy-saving mode.",13,399,500,"HomeTech","30",24,"SKU124","24x24x8 inches",30.0,"White","2033-04-30","2024-06-23 12:45:00","2024-06-23 12:45:00"
125,"Smart Garden Hose DR","Smart garden hose with app-controlled watering schedules and weather sensors.",43,49,1500,"GardenTech","29",12,"SKU125","50x50x10 inches",2.0,"Green","2033-05-15","2024-06-23 13:00:00","2024-06-23 13:00:00"
126,"Smart Picture Frame DS","Digital photo frame with cloud storage integration and motion sensor.",50,89,1000,"HomeTech","30",24,"SKU126","14x12x2 inches",1.5,"Black","2033-06-20","2024-06-23 13:15:00","2024-06-23 13:15:00"
127,"Smart Light Switch DT","WiFi-enabled smart light switch with voice control and scheduling.",71,29,3000,"HomeTech","30",12,"SKU127","5x3x1 inches",0.2,"White","2033-07-25","2024-06-23 13:30:00","2024-06-23 13:30:00"
128,"Smart Vacuum Cleaner DU","Robot vacuum cleaner with mapping technology and automatic recharging.",29,299,800,"HomeTech","30",24,"SKU128","12x12x3 inches",5.0,"Silver","2033-08-30","2024-06-23 13:45:00","2024-06-23 13:45:00"
129,"Smart Pet Camera DV","Pet camera with treat dispenser and two-way audio communication.",72,99,1000,"PetTech","34",12,"SKU129","6x6x6 inches",1.0,"White","2033-09-15","2024-06-23 14:00:00","2024-06-23 14:00:00"
130,"Smart Humidifier DW","Cool mist humidifier with adjustable humidity levels and essential oil tray.",73,49,2000,"HomeTech","30",12,"SKU130","10x8x8 inches",2.0,"Gray","2033-10-20","2024-06-23 14:15:00","2024-06-23 14:15:00"
131,"Smart Fan DX","WiFi-enabled oscillating fan with remote control and timer settings.",74,79,1500,"HomeTech","30",24,"SKU131","20x18x6 inches",3.0,"Black","2033-11-25","2024-06-23 14:30:00","2024-06-23 14:30:00"
132,"Smart Alarm Clock DY","Voice-controlled alarm clock with weather forecast and bedside lamp.",75,39,3000,"HomeTech","30",12,"SKU132","8x6x3 inches",1.0,"White","2033-12-30","2024-06-23 14:45:00","2024-06-23 14:45:00"
133,"Smart Water Bottle DZ","Insulated water bottle with temperature display and hydration reminders.",54,19,5000,"HealthTech","12",12,"SKU133","10x3x3 inches",0.3,"Green","2034-01-15","2024-06-23 15:00:00","2024-06-23 15:00:00"
134,"Smart Desk Lamp EA","LED desk lamp with USB charging port and adjustable brightness levels.",37,29,2000,"LightTech","39",12,"SKU134","8x6x16 inches",1.5,"Black","2034-02-20","2024-06-23 15:15:00","2024-06-23 15:15:00"
135,"Smart Doorbell EB","Video doorbell with motion detection and WiFi connectivity.",14,129,1000,"HomeTech","30",24,"SKU135","5x3x1 inches",0.4,"Silver","2034-03-25","2024-06-23 15:30:00","2024-06-23 15:30:00"
136,"Smart LED Strip EC","Color-changing LED light strip with remote control and music sync capabilities.",66,49,1500,"LightTech","39",12,"SKU136","120x1x0.2 inches",0.3,"RGB","2034-04-30","2024-06-23 15:45:00","2024-06-23 15:45:00"
137,"Smart Security Camera ED","Outdoor security camera with 4K resolution and night vision.",31,199,500,"SecureTech","16",24,"SKU137","6x4x4 inches",1.0,"Black","2034-05-15","2024-06-23 16:00:00","2024-06-23 16:00:00"
138,"Smart Speaker EE","Wireless smart speaker with virtual assistant and multi-room audio.",41,99,2000,"AudioTech","4",12,"SKU138","8x6x6 inches",2.0,"White","2034-06-20","2024-06-23 16:15:00","2024-06-23 16:15:00"
139,"Smart Watch EF","Touchscreen smartwatch with fitness tracking and sleep monitoring.",67,149,800,"Wearables Inc.","2",12,"SKU139","2x2x0.5 inches",0.1,"Black","2034-07-25","2024-06-23 16:30:00","2024-06-23 16:30:00"
140,"Smart Backpack EG","Modern backpack with anti-theft features and USB charging port.",48,59,1000,"GearTech","22",12,"SKU140","18x12x6 inches",1.5,"Gray","2034-08-30","2024-06-23 16:45:00","2024-06-23 16:45:00"
141,"Smart Air Purifier EH","HEPA air purifier with smart mode and air quality sensor.",12,199,500,"HomeTech","30",24,"SKU141","10x10x20 inches",5.0,"White","2034-09-15","2024-06-23 17:00:00","2024-06-23 17:00:00"
142,"Smart Scale EI","Bluetooth body weight scale with BMI calculation and user profiles.",46,49,2000,"HealthTech","12",12,"SKU142","12x12x1 inches",1.0,"White","2034-10-20","2024-06-23 17:15:00","2024-06-23 17:15:00"
143,"Smart Coffee Maker EJ","Programmable coffee maker with brew strength settings and 12-cup capacity.",40,79,1000,"KitchenTech","37",12,"SKU143","10x8x14 inches",3.0,"Black","2034-11-25","2024-06-23 17:30:00","2024-06-23 17:30:00"
144,"Smart Backpack EK","Versatile backpack with laptop compartment and water-resistant material.",48,39,1500,"GearTech","22",12,"SKU144","16x12x6 inches",1.0,"Blue","2034-12-30","2024-06-23 17:45:00","2024-06-23 17:45:00"
145,"Smart Watch EL","Fitness tracker smartwatch with heart rate monitor and sleep analysis.",67,129,1000,"Wearables Inc.","2",12,"SKU145","2x2x0.5 inches",0.1,"Black","2035-01-15","2024-06-23 18:00:00","2024-06-23 18:00:00"
146,"Smart Garden EM","Indoor garden with LED grow lights and automatic watering system.",43,149,500,"GardenTech","29",12,"SKU146","20x16x8 inches",4.0,"White","2035-02-20","2024-06-23 18:15:00","2024-06-23 18:15:00"
147,"Smart Rice Cooker EN","WiFi-enabled rice cooker with multiple cooking modes and keep-warm function.",49,99,800,"KitchenTech","37",12,"SKU147","10x10x10 inches",5.0,"Silver","2035-03-25","2024-06-23 18:30:00","2024-06-23 18:30:00"
148,"Smart Pet Tracker EO","GPS pet tracker with activity monitoring and waterproof design.",69,49,1000,"PetTech","34",12,"SKU148","2x1x0.5 inches",0.1,"Blue","2035-04-30","2024-06-23 18:45:00","2024-06-23 18:45:00"
149,"Smart Speaker EP","Voice-controlled smart speaker with Bluetooth connectivity and virtual assistant.",41,79,1500,"AudioTech","4",12,"SKU149","6x6x6 inches",1.5,"Black","2035-05-15","2024-06-23 19:00:00","2024-06-23 19:00:00"
150,"Smart Toothbrush EQ","Electric toothbrush with multiple brushing modes and timer.",63,29,2000,"HealthTech","12",12,"SKU150","8x1x1 inches",0.2,"White","2035-06-20","2024-06-23 19:15:00","2024-06-23 19:15:00"
151,"Smart TV ER","4K UHD smart TV with HDR and voice remote control.",5,699,300,"MediaTech","15",24,"SKU151","55x30x5 inches",40.0,"Black","2035-07-25","2024-06-23 19:30:00","2024-06-23 19:30:00"
152,"Smart Air Fryer ES","Digital air fryer with preset cooking programs and non-stick basket.",47,129,800,"KitchenTech","37",12,"SKU152","12x12x14 inches",10.0,"Black","2035-08-30","2024-06-23 19:45:00","2024-06-23 19:45:00"
153,"Smart Door Lock ET","WiFi-enabled smart door lock with keyless entry and smartphone control.",43,179,500,"SecureTech","16",24,"SKU153","6x3x1 inches",0.5,"Silver","2035-09-15","2024-06-23 20:00:00","2024-06-23 20:00:00"
154,"Smart Bike EU","Electric bike with pedal assist and removable battery.",62,999,200,"OutdoorTech","58",24,"SKU154","72x24x40 inches",25.0,"Red","2035-10-20","2024-06-23 20:15:00","2024-06-23 20:15:00"
155,"Smart Blender EV","High-performance blender with variable speed control and stainless steel blades.",39,89,1000,"KitchenTech","37",12,"SKU155","8x8x16 inches",3.0,"Silver","2035-11-25","2024-06-23 20:30:00","2024-06-23 20:30:00"
156,"Smart Thermostat EW","WiFi thermostat with energy-saving mode and smart scheduling.",6,99,800,"ClimateTech","18",12,"SKU156","4x4x1 inches",0.5,"White","2035-12-30","2024-06-23 20:45:00","2024-06-23 20:45:00"
157,"Smart Picture Frame EX","Digital photo frame with touchscreen display and cloud photo storage.",50,129,500,"HomeTech","30",12,"SKU157","12x10x2 inches",2.0,"Black","2036-01-15","2024-06-23 21:00:00","2024-06-23 21:00:00"
158,"Smart Vacuum Cleaner EY","Robotic vacuum cleaner with mapping technology and automatic docking.",29,299,800,"HomeTech","30",24,"SKU158","14x14x4 inches",6.0,"White","2036-02-20","2024-06-23 21:15:00","2024-06-23 21:15:00"
159,"Smart Coffee Mug EZ","Temperature-controlled coffee mug with LCD display and app control.",68,39,1500,"KitchenTech","37",12,"SKU159","4x4x6 inches",0.3,"Silver","2036-03-25","2024-06-23 21:30:00","2024-06-23 21:30:00"
160,"Smart Pen FA","Digital smart pen with handwriting recognition and stylus functionality.",52,49,2000,"OfficeTech","38",12,"SKU160","6x0.5x0.5 inches",0.1,"Black","2036-04-30","2024-06-23 21:45:00","2024-06-23 21:45:00"
161,"Smart Monitor FB","Curved gaming monitor with QHD resolution and 144Hz refresh rate.",7,399,500,"TechGear","15",24,"SKU161","32x18x8 inches",10.0,"Black","2036-05-15","2024-06-23 22:00:00","2024-06-23 22:00:00"
162,"Smart Robot FC","AI-powered robot assistant with voice recognition and task automation.",30,599,200,"HomeTech","30",24,"SKU162","14x14x24 inches",15.0,"White","2036-06-20","2024-06-23 22:15:00","2024-06-23 22:15:00"
163,"Smart Backpack FD","Smart backpack with built-in solar panel and USB charging port.",48,79,1000,"GearTech","22",12,"SKU163","20x12x8 inches",2.5,"Green","2036-07-25","2024-06-23 22:30:00","2024-06-23 22:30:00"
164,"Smart Plant Pot FE","Self-watering plant pot with moisture sensor and LED grow light.",44,29,1500,"GardenTech","29",12,"SKU164","10x10x12 inches",1.0,"Terracotta","2036-08-30","2024-06-23 22:45:00","2024-06-23 22:45:00"
165,"Smart Lock FF","Keyless entry smart lock with fingerprint recognition and WiFi connectivity.",14,199,800,"SecureTech","16",24,"SKU165","6x3x1 inches",0.5,"Silver","2036-09-15","2024-06-23 23:00:00","2024-06-23 23:00:00"
166,"Smart Pillow FG","Memory foam pillow with cooling gel and adjustable loft.",55,49,2000,"HomeTech","30",12,"SKU166","24x16x6 inches",3.0,"White","2036-10-20","2024-06-23 23:15:00","2024-06-23 23:15:00"
167,"Smart Drone FH","Camera drone with 4K video recording and GPS navigation.",64,299,500,"OutdoorTech","58",24,"SKU167","14x14x4 inches",2.0,"Black","2036-11-25","2024-06-23 23:30:00","2024-06-23 23:30:00"
168,"Smart Water Bottle FI","Insulated stainless steel water bottle with UV-C sterilization.",54,39,1000,"HealthTech","12",12,"SKU168","10x3x3 inches",0.5,"Stainless Steel","2036-12-30","2024-06-23 23:45:00","2024-06-23 23:45:00"
169,"Smart Mirror FJ","Interactive smart mirror with touchscreen display and weather updates.",53,199,800,"HomeTech","30",12,"SKU169","24x36x1 inches",10.0,"Black","2037-01-15","2024-06-24 00:00:00","2024-06-24 00:00:00"
170,"Smart Kitchen Scale FK","Digital kitchen scale with nutritional analysis and recipe scaling.",46,29,1500,"KitchenTech","37",12,"SKU170","10x10x1 inches",1.0,"Silver","2037-02-20","2024-06-24 00:15:00","2024-06-24 00:15:00"
171,"Smart Headphones FL","Wireless headphones with noise cancellation and touch controls.",42,149,1000,"AudioTech","4",12,"SKU171","8x6x3 inches",0.5,"Black","2037-03-25","2024-06-24 00:30:00","2024-06-24 00:30:00"
172,"Smart Bike Helmet FM","Helmet with integrated Bluetooth speaker and LED safety lights.",62,79,800,"OutdoorTech","58",12,"SKU172","12x10x8 inches",1.5,"White","2037-04-30","2024-06-24 00:45:00","2024-06-24 00:45:00"
173,"Smart Thermostat FN","WiFi thermostat with energy usage reports and compatibility with smart home systems.",6,79,1500,"ClimateTech","18",12,"SKU173","4x4x1 inches",0.5,"White","2037-05-15","2024-06-24 01:00:00","2024-06-24 01:00:00"
174,"Smart Video Doorbell FO","Video doorbell with facial recognition and two-way audio.",14,129,500,"SecureTech","16",24,"SKU174","5x3x1 inches",0.4,"Silver","2037-06-20","2024-06-24 01:15:00","2024-06-24 01:15:00"
175,"Smart Garage Opener FP","WiFi-enabled garage door opener with smartphone control and voice commands.",57,149,1000,"HomeTech","30",24,"SKU175","12x8x4 inches",3.0,"White","2037-07-25","2024-06-24 01:30:00","2024-06-24 01:30:00"
176,"Smart Plant Monitor FQ","Plant sensor with soil moisture and light intensity measurement.",44,19,2000,"GardenTech","29",12,"SKU176","4x4x6 inches",0.5,"Green","2037-08-30","2024-06-24 01:45:00","2024-06-24 01:45:00"
177,"Smart Desk FR","Height-adjustable desk with built-in USB charging ports and memory presets.",37,299,800,"OfficeTech","38",24,"SKU177","60x30x30 inches",50.0,"Black","2037-09-15","2024-06-24 02:00:00","2024-06-24 02:00:00"
178,"Smart Pet Feeder FS","Automatic pet feeder with portion control and camera for remote monitoring.",45,89,1000,"PetTech","34",12,"SKU178","12x8x8 inches",3.0,"White","2037-10-20","2024-06-24 02:15:00","2024-06-24 02:15:00"
179,"Smart Doorbell FT","WiFi video doorbell with motion detection and infrared night vision.",14,99,2000,"SecureTech","16",12,"SKU179","5x3x1 inches",0.4,"Black","2037-11-25","2024-06-24 02:30:00","2024-06-24 02:30:00"
180,"Smart Bedside Lamp FU","Touch-sensitive bedside lamp with RGB color options and app control.",36,39,1500,"LightTech","39",12,"SKU180","6x6x12 inches",1.0,"White","2037-12-30","2024-06-24 02:45:00","2024-06-24 02:45:00"
181,"Smart Backpack FV","Anti-theft backpack with USB charging port and water-resistant material.",48,49,1000,"GearTech","22",12,"SKU181","18x12x7 inches",1.5,"Gray","2038-01-15","2024-06-24 03:00:00","2024-06-24 03:00:00"
182,"Smart Mirror FW","LED-lit smart mirror with touchscreen controls and built-in speakers.",53,249,500,"HomeTech","30",24,"SKU182","36x24x2 inches",15.0,"Silver","2038-02-20","2024-06-24 03:15:00","2024-06-24 03:15:00"
183,"Smart Car Charger FX","Dual USB car charger with Quick Charge 3.0 technology and LED indicator.",71,19,2000,"AutoTech","65",12,"SKU183","2x1x1 inches",0.1,"Black","2038-03-25","2024-06-24 03:30:00","2024-06-24 03:30:00"
184,"Smart Air Purifier FY","Portable air purifier with HEPA filter and quiet operation.",12,89,800,"HomeTech","30",12,"SKU184","8x8x12 inches",3.0,"White","2038-04-30","2024-06-24 03:45:00","2024-06-24 03:45:00"
185,"Smart Drone FZ","Mini drone with HD camera and altitude hold mode for stable flight.",64,79,500,"OutdoorTech","58",12,"SKU185","10x10x2 inches",0.5,"Black","2038-05-15","2024-06-24 04:00:00","2024-06-24 04:00:00"
186,"Smart Glasses GA","Augmented reality glasses with voice command interface and HD display.",70,399,200,"Wearables Inc.","2",24,"SKU186","6x2x2 inches",0.2,"Black","2038-06-20","2024-06-24 04:15:00","2024-06-24 04:15:00"
187,"Smart Light Bulb GB","WiFi-enabled LED light bulb with color-changing options and scheduling.",35,29,1500,"LightTech","39",12,"SKU187","4x2x2 inches",0.1,"White","2038-07-25","2024-06-24 04:30:00","2024-06-24 04:30:00"
188,"Smart Security Camera GC","Outdoor security camera with 1080p resolution and motion detection alerts.",61,129,1000,"SecureTech","16",24,"SKU188","6x3x3 inches",0.5,"Black","2038-08-30","2024-06-24 04:45:00","2024-06-24 04:45:00"
189,"Smart Sous Vide Cooker GD","Precision sous vide cooker with WiFi connectivity and smartphone app control.",41,99,800,"KitchenTech","37",12,"SKU189","16x6x6 inches",4.0,"Silver","2038-09-15","2024-06-24 05:00:00","2024-06-24 05:00:00"
190,"Smart Backpack GE","Waterproof backpack with laptop compartment and reflective accents.",48,59,1000,"GearTech","22",12,"SKU190","20x15x8 inches",2.0,"Black","2038-10-20","2024-06-24 05:15:00","2024-06-24 05:15:00"
191,"Smart Pet Fountain GF","Automatic pet water fountain with quiet pump and LED indicator.",45,39,2000,"PetTech","34",12,"SKU191","8x8x6 inches",1.0,"White","2038-11-25","2024-06-24 05:30:00","2024-06-24 05:30:00"
192,"Smart Sleep Tracker GG","Wearable sleep tracker with heart rate monitoring and sleep stage analysis.",66,79,500,"HealthTech","12",12,"SKU192","2x1x0.5 inches",0.1,"Black","2038-12-30","2024-06-24 05:45:00","2024-06-24 05:45:00"
193,"Smart Doorbell GH","Wireless video doorbell with 2-way audio and cloud storage options.",14,129,800,"SecureTech","16",24,"SKU193","5x3x1 inches",0.4,"White","2039-01-15","2024-06-24 06:00:00","2024-06-24 06:00:00"
194,"Smart Air Fryer GI","Compact air fryer with rapid air circulation technology and non-stick coating.",47,79,1000,"KitchenTech","37",12,"SKU194","10x10x12 inches",5.0,"Black","2039-02-20","2024-06-24 06:15:00","2024-06-24 06:15:00"
195,"Smart Jump Rope GJ","Bluetooth-enabled jump rope with calorie counter and adjustable length.",59,19,2000,"FitnessTech","67",12,"SKU195","10x1x1 inches",0.3,"Blue","2039-03-25","2024-06-24 06:30:00","2024-06-24 06:30:00"
196,"Smart Backpack GK","Tech backpack with USB charging port and RFID-blocking pocket.",48,69,1500,"GearTech","22",12,"SKU196","18x12x6 inches",2.0,"Gray","2039-04-30","2024-06-24 06:45:00","2024-06-24 06:45:00"
197,"Smart Wallet GL","RFID-blocking smart wallet with GPS tracking and carbon fiber material.",56,49,1000,"TechGear","15",12,"SKU197","4x3x0.5 inches",0.1,"Black","2039-05-15","2024-06-24 07:00:00","2024-06-24 07:00:00"
198,"Smart Car FM Transmitter GM","Bluetooth car FM transmitter with dual USB ports and hands-free calling.",71,24,2000,"AutoTech","65",12,"SKU198","3x2x1 inches",0.1,"Black","2039-06-20","2024-06-24 07:15:00","2024-06-24 07:15:00"
199,"Smart Toothbrush GN","Sonic toothbrush with UV sanitizer and 5 brushing modes.",63,39,800,"HealthTech","12",12,"SKU199","8x1x1 inches",0.2,"White","2039-07-25","2024-06-24 07:30:00","2024-06-24 07:30:00"
200,"Smart Desk Lamp GO","LED desk lamp with adjustable brightness and touch-sensitive controls.",36,29,1500,"LightTech","39",12,"SKU200","6x6x18 inches",2.0,"Silver","2039-08-30","2024-06-24 07:45:00","2024-06-24 07:45:00"
